client_id,client_reliability_label,days_elapsed,year
1,perfectClient,14.0,2017
1,perfectClient,35.333333333333336,2018
2,perfectClient,20.666666666666668,2018
3,perfectClient,30.666666666666668,2018
4,perfectClient,22.5,2017
4,perfectClient,30.166666666666668,2018
5,perfectClient,25.0,2017
6,perfectClient,29.8,2017
6,perfectClient,41.2,2018
8,perfectClient,12.666666666666666,2017
8,perfectClient,14.785714285714286,2018
10,perfectClient,23.0,2017
10,perfectClient,29.857142857142858,2018
12,perfectClient,15.0,2018
13,perfectClient,24.333333333333332,2017
14,perfectClient,27.666666666666668,2018
16,perfectClient,23.8,2018
17,perfectClient,25.333333333333332,2017
17,perfectClient,30.333333333333332,2018
18,perfectClient,22.25,2017
18,perfectClient,30.428571428571427,2018
19,perfectClient,30.2,2017
19,perfectClient,32.0,2018
20,perfectClient,24.8,2018
22,perfectClient,20.0,2017
22,perfectClient,30.333333333333332,2018
27,perfectClient,30.4,2017
27,perfectClient,24.333333333333332,2018
28,perfectClient,30.333333333333332,2017
29,perfectClient,24.0,2017
29,perfectClient,30.571428571428573,2018
31,perfectClient,22.75,2018
32,perfectClient,22.5,2017
32,perfectClient,30.333333333333332,2018
33,perfectClient,22.666666666666668,2017
33,perfectClient,30.285714285714285,2018
34,perfectClient,21.0,2018
35,perfectClient,29.857142857142858,2018
38,perfectClient,30.4,2017
38,perfectClient,24.77777777777778,2018
39,perfectClient,30.0,2017
39,perfectClient,24.125,2018
40,perfectClient,29.8,2017
40,perfectClient,27.428571428571427,2018
41,perfectClient,30.2,2017
41,perfectClient,26.625,2018
42,perfectClient,25.166666666666668,2017
42,perfectClient,30.333333333333332,2018
43,perfectClient,30.4,2017
43,perfectClient,26.5,2018
45,perfectClient,30.0,2017
45,perfectClient,30.2,2018
47,perfectClient,30.2,2017
47,perfectClient,30.0,2018
48,perfectClient,20.333333333333332,2018
49,perfectClient,25.0,2018
50,perfectClient,20.333333333333332,2018
54,perfectClient,30.4,2017
54,perfectClient,24.22222222222222,2018
57,perfectClient,22.428571428571427,2017
57,perfectClient,29.857142857142858,2018
58,perfectClient,22.5,2018
61,perfectClient,30.4,2017
61,perfectClient,30.333333333333332,2018
62,perfectClient,24.4,2018
63,perfectClient,25.166666666666668,2017
63,perfectClient,30.0,2018
64,perfectClient,15.5,2017
64,perfectClient,30.142857142857142,2018
66,perfectClient,25.166666666666668,2018
67,perfectClient,30.2,2017
67,perfectClient,30.4,2018
68,perfectClient,15.0,2018
69,perfectClient,15.0,2018
73,perfectClient,25.857142857142858,2018
74,perfectClient,23.8,2017
74,perfectClient,30.285714285714285,2018
75,perfectClient,30.0,2017
75,perfectClient,32.0,2018
77,perfectClient,30.4,2017
77,perfectClient,30.0,2018
79,perfectClient,23.0,2017
79,perfectClient,24.22222222222222,2018
80,perfectClient,24.0,2018
81,perfectClient,20.333333333333332,2017
81,perfectClient,30.142857142857142,2018
82,perfectClient,25.166666666666668,2018
83,perfectClient,30.6,2017
83,perfectClient,30.8,2018
85,perfectClient,15.5,2018
86,perfectClient,22.5,2018
87,perfectClient,30.4,2017
87,perfectClient,30.6,2018
89,perfectClient,15.0,2017
89,perfectClient,30.285714285714285,2018
91,perfectClient,24.5,2017
91,perfectClient,30.333333333333332,2018
92,perfectClient,30.6,2017
92,perfectClient,21.7,2018
95,perfectClient,15.5,2018
96,perfectClient,15.0,2017
96,perfectClient,30.142857142857142,2018
97,perfectClient,38.0,2017
97,perfectClient,30.6,2018
98,perfectClient,25.333333333333332,2017
98,perfectClient,30.166666666666668,2018
102,perfectClient,24.2,2017
102,perfectClient,27.875,2018
107,perfectClient,20.0,2018
108,perfectClient,20.333333333333332,2018
111,perfectClient,12.0,2017
113,perfectClient,30.0,2017
113,perfectClient,27.25,2018
116,perfectClient,15.0,2017
116,perfectClient,30.428571428571427,2018
118,perfectClient,25.0,2018
119,perfectClient,15.0,2017
119,perfectClient,30.428571428571427,2018
120,perfectClient,35.4,2017
120,perfectClient,30.166666666666668,2018
121,perfectClient,29.0,2017
122,perfectClient,31.0,2017
123,perfectClient,24.6,2018
125,perfectClient,14.5,2018
127,perfectClient,24.833333333333332,2017
127,perfectClient,30.166666666666668,2018
128,perfectClient,14.5,2018
129,perfectClient,22.142857142857142,2017
129,perfectClient,30.285714285714285,2018
131,perfectClient,23.6,2017
131,perfectClient,30.285714285714285,2018
133,perfectClient,24.2,2017
133,perfectClient,30.285714285714285,2018
135,perfectClient,30.0,2017
136,perfectClient,22.5,2017
136,perfectClient,30.285714285714285,2018
137,perfectClient,30.0,2017
138,perfectClient,24.833333333333332,2018
140,perfectClient,20.333333333333332,2017
140,perfectClient,30.285714285714285,2018
141,perfectClient,22.5,2018
143,perfectClient,30.2,2017
143,perfectClient,23.0,2018
144,perfectClient,23.0,2017
144,perfectClient,30.333333333333332,2018
145,perfectClient,21.714285714285715,2017
145,perfectClient,23.875,2018
147,perfectClient,30.6,2017
147,perfectClient,28.0,2018
148,perfectClient,25.166666666666668,2018
150,perfectClient,30.4,2017
151,perfectClient,22.5,2018
152,perfectClient,22.75,2018
153,perfectClient,30.4,2017
153,perfectClient,31.5,2018
155,perfectClient,30.0,2017
155,perfectClient,30.5,2018
156,perfectClient,29.5,2017
156,perfectClient,30.4,2018
157,perfectClient,20.333333333333332,2018
158,perfectClient,25.857142857142858,2018
160,perfectClient,21.6,2017
161,perfectClient,21.0,2017
161,perfectClient,30.0,2018
162,perfectClient,24.4,2018
163,perfectClient,30.4,2017
163,perfectClient,24.22222222222222,2018
164,perfectClient,23.0,2017
165,perfectClient,25.166666666666668,2017
165,perfectClient,18.9,2018
166,perfectClient,22.857142857142858,2017
166,perfectClient,24.75,2018
167,perfectClient,25.5,2017
167,perfectClient,24.11111111111111,2018
169,perfectClient,29.6,2017
169,perfectClient,31.0,2018
171,perfectClient,22.25,2017
171,perfectClient,30.333333333333332,2018
172,perfectClient,30.2,2017
174,perfectClient,25.166666666666668,2018
175,perfectClient,15.5,2018
176,perfectClient,25.333333333333332,2017
176,perfectClient,30.333333333333332,2018
180,perfectClient,29.8,2017
180,perfectClient,32.0,2018
182,perfectClient,21.333333333333332,2017
182,perfectClient,24.333333333333332,2018
183,perfectClient,29.75,2017
184,perfectClient,25.714285714285715,2018
186,perfectClient,22.857142857142858,2017
186,perfectClient,30.0,2018
187,perfectClient,30.333333333333332,2018
188,perfectClient,25.166666666666668,2017
188,perfectClient,30.333333333333332,2018
189,perfectClient,30.4,2017
189,perfectClient,28.0,2018
193,perfectClient,30.4,2017
193,perfectClient,24.25,2018
194,perfectClient,21.833333333333332,2017
194,perfectClient,29.857142857142858,2018
195,perfectClient,22.428571428571427,2017
195,perfectClient,25.75,2018
196,perfectClient,30.333333333333332,2017
197,perfectClient,33.0,2017
198,perfectClient,30.2,2017
200,perfectClient,30.5,2017
202,perfectClient,24.2,2018
203,perfectClient,31.0,2017
204,perfectClient,22.75,2018
207,perfectClient,22.5,2018
210,perfectClient,22.75,2018
212,perfectClient,20.333333333333332,2018
213,perfectClient,25.857142857142858,2018
214,perfectClient,22.25,2017
214,perfectClient,30.285714285714285,2018
215,perfectClient,25.0,2017
215,perfectClient,30.428571428571427,2018
216,perfectClient,24.142857142857142,2017
216,perfectClient,26.0,2018
218,perfectClient,22.25,2017
218,perfectClient,30.285714285714285,2018
219,perfectClient,24.0,2017
219,perfectClient,30.571428571428573,2018
221,perfectClient,20.333333333333332,2017
221,perfectClient,30.285714285714285,2018
222,perfectClient,30.2,2017
222,perfectClient,33.0,2018
223,perfectClient,30.4,2017
223,perfectClient,29.666666666666668,2018
225,perfectClient,29.857142857142858,2018
227,perfectClient,21.666666666666668,2017
227,perfectClient,29.428571428571427,2018
228,perfectClient,29.0,2017
228,perfectClient,30.142857142857142,2018
230,perfectClient,33.0,2017
232,perfectClient,22.5,2018
234,perfectClient,30.142857142857142,2018
235,perfectClient,20.0,2018
236,perfectClient,30.4,2017
236,perfectClient,30.0,2018
242,perfectClient,15.0,2018
243,perfectClient,30.0,2018
247,perfectClient,20.333333333333332,2017
247,perfectClient,30.142857142857142,2018
250,perfectClient,25.5,2017
250,perfectClient,30.333333333333332,2018
251,perfectClient,15.5,2017
251,perfectClient,30.142857142857142,2018
252,perfectClient,22.5,2018
255,perfectClient,25.333333333333332,2017
255,perfectClient,30.166666666666668,2018
256,perfectClient,24.4,2018
259,perfectClient,30.4,2017
259,perfectClient,21.4,2018
260,perfectClient,30.0,2017
260,perfectClient,25.88888888888889,2018
261,perfectClient,25.857142857142858,2018
262,perfectClient,29.857142857142858,2018
264,perfectClient,30.0,2017
265,perfectClient,15.5,2017
265,perfectClient,30.0,2018
266,perfectClient,12.0,2017
268,perfectClient,30.5,2017
268,perfectClient,33.0,2018
269,perfectClient,31.0,2017
270,perfectClient,25.5,2017
270,perfectClient,30.0,2018
272,perfectClient,15.0,2018
273,perfectClient,15.5,2018
274,perfectClient,29.857142857142858,2018
275,perfectClient,30.0,2017
275,perfectClient,21.571428571428573,2018
276,perfectClient,16.0,2017
276,perfectClient,30.0,2018
277,perfectClient,25.333333333333332,2017
277,perfectClient,25.666666666666668,2018
282,perfectClient,30.4,2017
282,perfectClient,25.625,2018
284,perfectClient,27.6,2017
284,perfectClient,30.428571428571427,2018
286,perfectClient,22.857142857142858,2017
286,perfectClient,25.5,2018
287,perfectClient,14.5,2017
287,perfectClient,30.428571428571427,2018
288,perfectClient,25.333333333333332,2018
290,perfectClient,25.333333333333332,2017
290,perfectClient,23.0,2018
292,perfectClient,30.4,2017
292,perfectClient,21.8,2018
294,perfectClient,30.4,2017
294,perfectClient,27.125,2018
295,perfectClient,31.0,2017
296,perfectClient,20.333333333333332,2018
299,perfectClient,25.166666666666668,2017
299,perfectClient,31.0,2018
300,perfectClient,33.0,2017
302,perfectClient,20.666666666666668,2018
303,perfectClient,25.5,2017
303,perfectClient,30.333333333333332,2018
304,perfectClient,20.333333333333332,2017
304,perfectClient,30.285714285714285,2018
306,perfectClient,15.5,2017
306,perfectClient,30.142857142857142,2018
307,perfectClient,29.0,2017
309,perfectClient,29.0,2017
309,perfectClient,23.88888888888889,2018
310,perfectClient,20.666666666666668,2018
312,perfectClient,20.333333333333332,2018
314,perfectClient,32.0,2017
315,perfectClient,15.0,2017
315,perfectClient,30.285714285714285,2018
317,perfectClient,22.5,2017
317,perfectClient,30.285714285714285,2018
318,perfectClient,23.0,2017
318,perfectClient,29.857142857142858,2018
319,perfectClient,22.75,2018
320,perfectClient,30.4,2017
320,perfectClient,23.6,2018
321,perfectClient,25.857142857142858,2018
322,perfectClient,30.4,2017
322,perfectClient,23.333333333333332,2018
323,perfectClient,24.833333333333332,2018
325,perfectClient,22.142857142857142,2017
325,perfectClient,30.166666666666668,2018
326,perfectClient,25.166666666666668,2017
326,perfectClient,30.333333333333332,2018
329,perfectClient,14.5,2018
333,perfectClient,29.857142857142858,2018
334,perfectClient,29.8,2017
334,perfectClient,28.428571428571427,2018
339,perfectClient,30.4,2017
339,perfectClient,25.25,2018
340,perfectClient,31.4,2017
340,perfectClient,29.5,2018
342,perfectClient,9.055555555555555,2018
345,perfectClient,15.0,2017
345,perfectClient,27.25,2018
346,perfectClient,24.6,2018
347,perfectClient,26.5,2017
347,perfectClient,29.428571428571427,2018
348,perfectClient,29.75,2017
349,perfectClient,30.25,2017
349,perfectClient,29.5,2018
350,perfectClient,30.2,2017
350,perfectClient,29.0,2018
351,perfectClient,20.333333333333332,2018
352,perfectClient,30.4,2017
352,perfectClient,29.666666666666668,2018
353,perfectClient,29.8,2017
353,perfectClient,29.714285714285715,2018
356,perfectClient,29.8,2017
356,perfectClient,28.285714285714285,2018
357,perfectClient,30.4,2017
357,perfectClient,31.0,2018
358,perfectClient,15.0,2018
361,perfectClient,22.285714285714285,2017
361,perfectClient,30.571428571428573,2018
372,perfectClient,24.0,2018
374,perfectClient,30.0,2017
374,perfectClient,32.0,2018
375,perfectClient,22.5,2018
377,perfectClient,29.428571428571427,2018
378,perfectClient,30.0,2017
378,perfectClient,37.714285714285715,2018
379,perfectClient,30.6,2017
380,perfectClient,22.25,2017
380,perfectClient,30.285714285714285,2018
382,perfectClient,20.333333333333332,2017
382,perfectClient,30.285714285714285,2018
383,perfectClient,30.4,2017
383,perfectClient,25.444444444444443,2018
384,perfectClient,31.0,2017
385,perfectClient,25.166666666666668,2017
385,perfectClient,25.22222222222222,2018
386,perfectClient,21.0,2017
386,perfectClient,30.0,2018
389,perfectClient,23.714285714285715,2017
389,perfectClient,30.333333333333332,2018
391,perfectClient,30.4,2017
391,perfectClient,29.5,2018
393,perfectClient,22.5,2017
393,perfectClient,30.333333333333332,2018
395,perfectClient,20.666666666666668,2018
396,perfectClient,30.4,2017
396,perfectClient,29.8,2018
400,perfectClient,25.714285714285715,2018
402,perfectClient,20.333333333333332,2017
402,perfectClient,30.285714285714285,2018
404,perfectClient,19.666666666666668,2018
405,perfectClient,16.0,2018
406,perfectClient,29.0,2017
408,perfectClient,30.6,2017
408,perfectClient,42.0,2018
411,perfectClient,19.875,2017
411,perfectClient,29.857142857142858,2018
414,perfectClient,25.333333333333332,2017
414,perfectClient,30.166666666666668,2018
416,perfectClient,25.333333333333332,2017
416,perfectClient,30.166666666666668,2018
418,perfectClient,23.0,2017
418,perfectClient,21.333333333333332,2018
419,perfectClient,24.8,2018
420,perfectClient,22.5,2018
421,perfectClient,15.0,2018
422,perfectClient,31.0,2017
425,perfectClient,25.0,2018
427,perfectClient,30.4,2017
427,perfectClient,24.555555555555557,2018
428,perfectClient,24.0,2017
428,perfectClient,30.285714285714285,2018
429,perfectClient,22.142857142857142,2017
429,perfectClient,30.166666666666668,2018
431,perfectClient,25.5,2017
431,perfectClient,27.5,2018
432,perfectClient,21.0,2017
432,perfectClient,29.857142857142858,2018
433,perfectClient,25.714285714285715,2018
435,perfectClient,24.666666666666668,2018
437,perfectClient,33.0,2017
440,perfectClient,20.333333333333332,2018
442,perfectClient,25.857142857142858,2018
444,perfectClient,25.333333333333332,2017
444,perfectClient,30.166666666666668,2018
446,perfectClient,30.4,2017
446,perfectClient,30.142857142857142,2018
447,perfectClient,30.0,2017
449,perfectClient,22.5,2017
449,perfectClient,30.285714285714285,2018
450,perfectClient,31.5,2017
451,perfectClient,17.75,2018
452,perfectClient,22.5,2017
452,perfectClient,30.285714285714285,2018
453,perfectClient,23.8,2017
453,perfectClient,35.166666666666664,2018
455,perfectClient,23.0,2017
455,perfectClient,30.285714285714285,2018
457,perfectClient,30.2,2017
457,perfectClient,24.88888888888889,2018
459,perfectClient,25.333333333333332,2017
459,perfectClient,21.8,2018
460,perfectClient,27.0,2017
460,perfectClient,30.0,2018
461,perfectClient,25.333333333333332,2017
461,perfectClient,30.166666666666668,2018
462,perfectClient,22.5,2018
466,perfectClient,29.8,2017
466,perfectClient,30.5,2018
467,perfectClient,23.285714285714285,2017
467,perfectClient,29.857142857142858,2018
471,perfectClient,14.5,2018
472,perfectClient,29.5,2017
472,perfectClient,23.5,2018
473,perfectClient,25.333333333333332,2017
473,perfectClient,25.375,2018
474,perfectClient,25.166666666666668,2018
475,perfectClient,15.0,2017
475,perfectClient,30.428571428571427,2018
476,perfectClient,20.0,2017
476,perfectClient,30.166666666666668,2018
477,perfectClient,30.4,2017
477,perfectClient,29.0,2018
479,perfectClient,22.5,2017
479,perfectClient,30.285714285714285,2018
480,perfectClient,29.75,2017
481,perfectClient,20.333333333333332,2018
484,perfectClient,25.166666666666668,2017
484,perfectClient,23.75,2018
485,perfectClient,20.666666666666668,2018
486,perfectClient,33.0,2017
487,perfectClient,30.4,2017
487,perfectClient,24.0,2018
491,perfectClient,20.333333333333332,2018
492,perfectClient,24.4,2018
493,perfectClient,22.75,2018
494,perfectClient,30.0,2017
494,perfectClient,30.5,2018
495,perfectClient,23.666666666666668,2017
495,perfectClient,30.285714285714285,2018
496,perfectClient,24.0,2018
497,perfectClient,22.5,2018
498,perfectClient,30.0,2017
499,perfectClient,23.8,2017
499,perfectClient,30.166666666666668,2018
501,perfectClient,30.4,2017
501,perfectClient,24.333333333333332,2018
502,perfectClient,30.0,2017
502,perfectClient,30.5,2018
503,perfectClient,16.0,2017
503,perfectClient,30.0,2018
504,perfectClient,30.2,2017
504,perfectClient,33.0,2018
507,perfectClient,30.4,2017
507,perfectClient,30.0,2018
508,perfectClient,30.4,2017
508,perfectClient,30.333333333333332,2018
509,perfectClient,21.666666666666668,2017
509,perfectClient,29.857142857142858,2018
511,perfectClient,22.857142857142858,2017
511,perfectClient,23.88888888888889,2018
512,perfectClient,24.4,2018
513,perfectClient,30.4,2017
513,perfectClient,29.5,2018
515,perfectClient,22.5,2017
515,perfectClient,30.285714285714285,2018
516,perfectClient,21.714285714285715,2017
516,perfectClient,30.428571428571427,2018
517,perfectClient,30.6,2017
517,perfectClient,26.142857142857142,2018
518,perfectClient,24.0,2017
518,perfectClient,30.285714285714285,2018
520,perfectClient,22.5,2017
520,perfectClient,30.285714285714285,2018
521,perfectClient,22.0,2017
521,perfectClient,30.142857142857142,2018
524,perfectClient,22.857142857142858,2017
524,perfectClient,24.333333333333332,2018
526,perfectClient,23.0,2017
526,perfectClient,29.857142857142858,2018
527,perfectClient,30.6,2017
527,perfectClient,23.88888888888889,2018
528,perfectClient,20.0,2017
528,perfectClient,35.333333333333336,2018
529,perfectClient,30.5,2017
533,perfectClient,25.5,2017
533,perfectClient,24.22222222222222,2018
535,perfectClient,22.75,2018
540,perfectClient,25.333333333333332,2017
540,perfectClient,24.11111111111111,2018
542,perfectClient,20.333333333333332,2017
542,perfectClient,16.142857142857142,2018
543,perfectClient,25.333333333333332,2017
543,perfectClient,32.666666666666664,2018
544,perfectClient,25.333333333333332,2017
544,perfectClient,30.333333333333332,2018
546,perfectClient,30.4,2017
546,perfectClient,23.88888888888889,2018
547,perfectClient,29.8,2017
547,perfectClient,23.555555555555557,2018
548,perfectClient,24.0,2018
549,perfectClient,15.0,2017
549,perfectClient,30.428571428571427,2018
551,perfectClient,30.0,2017
552,perfectClient,24.833333333333332,2017
552,perfectClient,30.142857142857142,2018
554,perfectClient,29.8,2017
554,perfectClient,24.125,2018
556,perfectClient,29.5,2017
556,perfectClient,30.2,2018
558,perfectClient,20.333333333333332,2018
559,perfectClient,30.4,2017
559,perfectClient,30.2,2018
560,perfectClient,25.857142857142858,2018
561,perfectClient,30.0,2017
561,perfectClient,32.0,2018
562,perfectClient,25.333333333333332,2017
562,perfectClient,25.625,2018
563,perfectClient,29.8,2017
563,perfectClient,27.571428571428573,2018
564,perfectClient,20.333333333333332,2018
565,perfectClient,31.0,2017
567,perfectClient,22.5,2017
567,perfectClient,30.142857142857142,2018
568,perfectClient,20.0,2018
570,perfectClient,30.0,2017
570,perfectClient,31.0,2018
572,perfectClient,30.5,2017
573,perfectClient,30.2,2017
573,perfectClient,29.142857142857142,2018
574,perfectClient,30.6,2017
574,perfectClient,23.444444444444443,2018
576,perfectClient,20.0,2018
578,perfectClient,19.666666666666668,2017
578,perfectClient,30.285714285714285,2018
579,perfectClient,20.666666666666668,2018
580,perfectClient,20.333333333333332,2017
580,perfectClient,30.142857142857142,2018
583,perfectClient,30.4,2017
583,perfectClient,33.333333333333336,2018
584,perfectClient,22.5,2017
584,perfectClient,30.428571428571427,2018
585,perfectClient,24.166666666666668,2017
585,perfectClient,30.142857142857142,2018
586,perfectClient,25.333333333333332,2017
586,perfectClient,30.571428571428573,2018
588,perfectClient,25.857142857142858,2018
590,perfectClient,30.333333333333332,2017
592,perfectClient,21.625,2017
592,perfectClient,24.125,2018
594,perfectClient,22.75,2018
596,perfectClient,22.5,2018
597,perfectClient,20.333333333333332,2018
598,perfectClient,22.714285714285715,2017
598,perfectClient,30.428571428571427,2018
599,perfectClient,20.333333333333332,2018
601,perfectClient,30.6,2017
602,perfectClient,21.0,2017
603,perfectClient,30.25,2017
604,perfectClient,24.2,2017
604,perfectClient,30.142857142857142,2018
605,perfectClient,25.333333333333332,2017
605,perfectClient,23.875,2018
607,perfectClient,14.5,2017
607,perfectClient,30.333333333333332,2018
608,perfectClient,23.857142857142858,2017
608,perfectClient,30.285714285714285,2018
611,perfectClient,25.0,2018
612,perfectClient,30.4,2017
612,perfectClient,30.333333333333332,2018
613,perfectClient,21.0,2017
615,perfectClient,31.0,2017
619,perfectClient,24.6,2018
620,perfectClient,22.75,2018
622,perfectClient,21.857142857142858,2017
622,perfectClient,30.333333333333332,2018
623,perfectClient,25.333333333333332,2017
623,perfectClient,22.2,2018
624,perfectClient,29.6,2017
624,perfectClient,22.555555555555557,2018
628,perfectClient,25.333333333333332,2017
628,perfectClient,24.375,2018
630,perfectClient,22.5,2018
631,perfectClient,20.0,2017
631,perfectClient,35.166666666666664,2018
632,perfectClient,29.571428571428573,2018
633,perfectClient,30.4,2017
633,perfectClient,31.5,2018
635,perfectClient,26.0,2018
636,perfectClient,30.333333333333332,2018
637,perfectClient,20.333333333333332,2018
639,perfectClient,25.0,2018
640,perfectClient,22.75,2018
642,perfectClient,29.8,2017
642,perfectClient,23.25,2018
643,perfectClient,33.4,2017
643,perfectClient,30.166666666666668,2018
645,perfectClient,20.333333333333332,2018
646,perfectClient,30.2,2017
646,perfectClient,21.666666666666668,2018
648,perfectClient,23.333333333333332,2017
648,perfectClient,30.285714285714285,2018
649,perfectClient,25.333333333333332,2017
649,perfectClient,24.444444444444443,2018
650,perfectClient,25.166666666666668,2017
650,perfectClient,26.625,2018
651,perfectClient,24.2,2018
653,perfectClient,14.8,2017
653,perfectClient,12.818181818181818,2018
655,perfectClient,30.0,2018
656,perfectClient,20.333333333333332,2017
656,perfectClient,30.166666666666668,2018
661,perfectClient,24.833333333333332,2017
661,perfectClient,29.714285714285715,2018
663,perfectClient,20.333333333333332,2018
665,perfectClient,23.333333333333332,2017
665,perfectClient,30.285714285714285,2018
666,perfectClient,29.8,2017
666,perfectClient,29.285714285714285,2018
668,perfectClient,22.25,2017
668,perfectClient,30.333333333333332,2018
669,perfectClient,24.0,2018
670,perfectClient,23.8,2017
670,perfectClient,35.333333333333336,2018
671,perfectClient,25.333333333333332,2017
671,perfectClient,30.333333333333332,2018
672,perfectClient,20.333333333333332,2018
674,perfectClient,30.4,2017
674,perfectClient,23.75,2018
676,perfectClient,15.0,2017
676,perfectClient,30.428571428571427,2018
677,perfectClient,31.0,2017
679,perfectClient,24.285714285714285,2017
679,perfectClient,30.285714285714285,2018
680,perfectClient,24.666666666666668,2018
683,perfectClient,22.142857142857142,2017
683,perfectClient,30.833333333333332,2018
684,perfectClient,24.4,2018
689,perfectClient,29.6,2017
689,perfectClient,31.0,2018
691,perfectClient,15.0,2017
691,perfectClient,30.142857142857142,2018
692,perfectClient,30.6,2017
693,perfectClient,20.0,2017
693,perfectClient,30.166666666666668,2018
694,perfectClient,9.5,2018
696,perfectClient,28.0,2017
696,perfectClient,28.5,2018
697,perfectClient,24.2,2017
697,perfectClient,22.333333333333332,2018
698,perfectClient,9.5,2017
700,perfectClient,30.0,2017
702,perfectClient,19.666666666666668,2018
704,perfectClient,24.5,2017
704,perfectClient,29.857142857142858,2018
706,perfectClient,24.4,2017
706,perfectClient,27.428571428571427,2018
710,perfectClient,22.75,2018
715,perfectClient,30.4,2017
715,perfectClient,25.375,2018
717,perfectClient,29.6,2017
717,perfectClient,31.0,2018
720,perfectClient,26.0,2018
722,perfectClient,21.833333333333332,2017
722,perfectClient,30.428571428571427,2018
724,perfectClient,25.333333333333332,2017
724,perfectClient,22.88888888888889,2018
725,perfectClient,15.0,2018
727,perfectClient,25.5,2017
727,perfectClient,29.714285714285715,2018
729,perfectClient,30.0,2017
730,perfectClient,20.333333333333332,2018
731,perfectClient,30.0,2017
731,perfectClient,25.77777777777778,2018
733,perfectClient,15.0,2018
734,perfectClient,30.0,2017
734,perfectClient,30.285714285714285,2018
735,perfectClient,29.6,2017
735,perfectClient,23.375,2018
736,perfectClient,30.0,2017
736,perfectClient,40.0,2018
737,perfectClient,29.857142857142858,2018
738,perfectClient,34.75,2017
738,perfectClient,30.142857142857142,2018
739,perfectClient,14.5,2018
740,perfectClient,25.857142857142858,2018
741,perfectClient,33.0,2017
742,perfectClient,22.125,2017
742,perfectClient,30.166666666666668,2018
743,perfectClient,14.5,2018
747,perfectClient,19.375,2017
747,perfectClient,21.4,2018
749,perfectClient,29.857142857142858,2018
751,perfectClient,24.2,2018
754,perfectClient,25.857142857142858,2018
755,perfectClient,28.0,2017
758,perfectClient,16.0,2018
759,perfectClient,23.8,2017
759,perfectClient,35.166666666666664,2018
760,perfectClient,14.5,2018
761,perfectClient,29.8,2017
761,perfectClient,24.22222222222222,2018
763,perfectClient,22.833333333333332,2017
763,perfectClient,25.11111111111111,2018
764,perfectClient,21.166666666666668,2018
765,perfectClient,29.428571428571427,2018
768,perfectClient,30.2,2017
768,perfectClient,29.666666666666668,2018
769,perfectClient,29.0,2017
771,perfectClient,29.857142857142858,2018
772,perfectClient,20.333333333333332,2017
772,perfectClient,30.285714285714285,2018
773,perfectClient,25.166666666666668,2017
773,perfectClient,30.333333333333332,2018
774,perfectClient,30.4,2017
774,perfectClient,30.333333333333332,2018
776,perfectClient,29.6,2017
776,perfectClient,30.5,2018
778,perfectClient,25.333333333333332,2017
778,perfectClient,23.88888888888889,2018
779,perfectClient,15.0,2018
783,perfectClient,30.2,2017
783,perfectClient,31.0,2018
784,perfectClient,30.0,2017
787,perfectClient,30.6,2017
787,perfectClient,25.125,2018
792,perfectClient,13.636363636363637,2017
792,perfectClient,15.833333333333334,2018
793,perfectClient,33.0,2017
794,perfectClient,24.833333333333332,2017
794,perfectClient,30.166666666666668,2018
796,perfectClient,30.4,2017
796,perfectClient,30.25,2018
798,perfectClient,25.166666666666668,2017
798,perfectClient,23.77777777777778,2018
800,perfectClient,20.333333333333332,2017
800,perfectClient,30.0,2018
802,perfectClient,26.5,2017
803,perfectClient,22.75,2018
805,perfectClient,33.0,2017
806,perfectClient,19.444444444444443,2017
806,perfectClient,16.583333333333332,2018
809,perfectClient,30.2,2017
809,perfectClient,24.5,2018
810,perfectClient,22.857142857142858,2017
810,perfectClient,22.875,2018
811,perfectClient,22.75,2018
812,perfectClient,24.833333333333332,2017
812,perfectClient,23.875,2018
814,perfectClient,30.4,2017
816,perfectClient,25.714285714285715,2018
817,perfectClient,15.0,2017
817,perfectClient,30.428571428571427,2018
818,perfectClient,25.857142857142858,2018
819,perfectClient,14.5,2018
820,perfectClient,25.714285714285715,2018
821,perfectClient,20.333333333333332,2018
824,perfectClient,20.666666666666668,2018
825,perfectClient,15.5,2018
828,perfectClient,29.857142857142858,2018
829,perfectClient,20.333333333333332,2017
829,perfectClient,30.285714285714285,2018
830,perfectClient,29.5,2017
830,perfectClient,30.2,2018
831,perfectClient,24.6,2018
832,perfectClient,25.857142857142858,2018
835,perfectClient,30.0,2017
839,perfectClient,30.4,2017
839,perfectClient,30.0,2018
840,perfectClient,30.4,2017
840,perfectClient,23.75,2018
841,perfectClient,31.0,2017
841,perfectClient,30.428571428571427,2018
842,perfectClient,14.5,2018
844,perfectClient,20.666666666666668,2018
845,perfectClient,21.0,2018
846,perfectClient,15.5,2018
847,perfectClient,20.0,2018
849,perfectClient,30.4,2017
849,perfectClient,26.625,2018
850,perfectClient,30.2,2017
851,perfectClient,15.5,2018
852,perfectClient,30.2,2017
852,perfectClient,30.0,2018
854,perfectClient,25.166666666666668,2018
855,perfectClient,30.2,2017
855,perfectClient,21.555555555555557,2018
857,perfectClient,22.25,2017
857,perfectClient,26.125,2018
860,perfectClient,31.0,2017
861,perfectClient,22.857142857142858,2017
861,perfectClient,30.285714285714285,2018
862,perfectClient,20.333333333333332,2018
863,perfectClient,30.8,2017
863,perfectClient,30.333333333333332,2018
864,perfectClient,21.125,2017
864,perfectClient,21.0,2018
865,perfectClient,19.5,2018
866,perfectClient,21.833333333333332,2017
866,perfectClient,30.142857142857142,2018
867,perfectClient,28.2,2017
867,perfectClient,29.857142857142858,2018
868,perfectClient,14.5,2018
869,perfectClient,30.4,2017
869,perfectClient,32.0,2018
872,perfectClient,19.666666666666668,2017
872,perfectClient,22.2,2018
873,perfectClient,23.0,2018
875,perfectClient,14.0,2017
875,perfectClient,31.333333333333332,2018
878,perfectClient,29.8,2017
878,perfectClient,28.285714285714285,2018
879,perfectClient,30.142857142857142,2018
880,perfectClient,24.142857142857142,2017
880,perfectClient,30.333333333333332,2018
881,perfectClient,32.0,2017
883,perfectClient,24.571428571428573,2017
883,perfectClient,29.857142857142858,2018
884,perfectClient,25.333333333333332,2017
884,perfectClient,24.22222222222222,2018
886,perfectClient,22.75,2018
887,perfectClient,30.0,2017
887,perfectClient,30.142857142857142,2018
889,perfectClient,30.4,2017
889,perfectClient,24.77777777777778,2018
894,perfectClient,24.2,2017
894,perfectClient,30.428571428571427,2018
895,perfectClient,15.0,2017
895,perfectClient,30.285714285714285,2018
896,perfectClient,22.5,2018
898,perfectClient,30.4,2017
898,perfectClient,24.0,2018
899,perfectClient,27.2,2017
899,perfectClient,29.571428571428573,2018
901,perfectClient,25.857142857142858,2018
904,perfectClient,23.11111111111111,2018
907,perfectClient,24.2,2018
908,perfectClient,21.428571428571427,2017
908,perfectClient,22.5,2018
909,perfectClient,22.333333333333332,2017
909,perfectClient,30.0,2018
910,perfectClient,22.25,2017
910,perfectClient,30.428571428571427,2018
911,perfectClient,23.0,2017
911,perfectClient,30.285714285714285,2018
912,perfectClient,28.666666666666668,2018
913,perfectClient,20.333333333333332,2017
913,perfectClient,30.285714285714285,2018
915,perfectClient,25.5,2017
915,perfectClient,24.22222222222222,2018
920,perfectClient,29.6,2017
920,perfectClient,27.0,2018
922,perfectClient,29.857142857142858,2018
923,perfectClient,30.6,2017
923,perfectClient,37.166666666666664,2018
925,perfectClient,20.333333333333332,2017
925,perfectClient,30.333333333333332,2018
928,perfectClient,20.0,2018
929,perfectClient,22.25,2017
929,perfectClient,30.428571428571427,2018
931,perfectClient,25.857142857142858,2018
932,perfectClient,22.5,2017
932,perfectClient,30.428571428571427,2018
934,perfectClient,15.0,2017
934,perfectClient,30.428571428571427,2018
935,perfectClient,25.857142857142858,2018
938,perfectClient,22.571428571428573,2017
938,perfectClient,30.166666666666668,2018
939,perfectClient,30.8,2017
939,perfectClient,30.142857142857142,2018
940,perfectClient,24.2,2018
941,perfectClient,24.0,2018
942,perfectClient,29.6,2017
942,perfectClient,23.375,2018
943,perfectClient,15.0,2017
944,perfectClient,24.2,2018
946,perfectClient,29.8,2017
946,perfectClient,30.0,2018
948,perfectClient,30.4,2017
948,perfectClient,31.428571428571427,2018
950,perfectClient,22.75,2018
951,perfectClient,23.0,2017
951,perfectClient,29.857142857142858,2018
952,perfectClient,19.333333333333332,2017
954,perfectClient,29.666666666666668,2017
955,perfectClient,29.857142857142858,2018
956,perfectClient,30.4,2017
956,perfectClient,29.0,2018
957,perfectClient,30.0,2017
959,perfectClient,30.0,2017
959,perfectClient,24.75,2018
960,perfectClient,19.666666666666668,2017
960,perfectClient,30.285714285714285,2018
961,perfectClient,31.0,2017
963,perfectClient,25.714285714285715,2018
965,perfectClient,29.714285714285715,2018
966,perfectClient,24.333333333333332,2017
966,perfectClient,30.285714285714285,2018
967,perfectClient,25.166666666666668,2017
967,perfectClient,24.5,2018
970,perfectClient,15.0,2017
970,perfectClient,30.285714285714285,2018
971,perfectClient,14.5,2018
972,perfectClient,25.857142857142858,2018
973,perfectClient,29.571428571428573,2018
974,perfectClient,20.333333333333332,2017
974,perfectClient,30.285714285714285,2018
975,perfectClient,22.25,2017
975,perfectClient,30.285714285714285,2018
976,perfectClient,29.8,2017
976,perfectClient,30.5,2018
977,perfectClient,15.5,2018
978,perfectClient,33.0,2017
980,perfectClient,15.5,2018
984,perfectClient,15.5,2018
985,perfectClient,21.166666666666668,2017
985,perfectClient,30.285714285714285,2018
988,perfectClient,14.0,2017
988,perfectClient,35.333333333333336,2018
989,perfectClient,24.166666666666668,2017
989,perfectClient,30.285714285714285,2018
990,perfectClient,14.5,2018
991,perfectClient,21.833333333333332,2017
991,perfectClient,24.555555555555557,2018
992,perfectClient,24.2,2018
993,perfectClient,24.666666666666668,2018
994,perfectClient,30.2,2017
994,perfectClient,22.0,2018
996,perfectClient,30.0,2017
997,perfectClient,25.333333333333332,2017
997,perfectClient,30.166666666666668,2018
998,perfectClient,22.75,2018
999,perfectClient,24.4,2018
1000,perfectClient,30.2,2017
1000,perfectClient,25.5,2018
1001,perfectClient,20.666666666666668,2018
1002,perfectClient,15.0,2017
1002,perfectClient,30.333333333333332,2018
1003,perfectClient,14.5,2018
1004,perfectClient,21.714285714285715,2017
1004,perfectClient,30.428571428571427,2018
1005,perfectClient,25.857142857142858,2018
1008,perfectClient,30.333333333333332,2017
1009,perfectClient,30.6,2017
1009,perfectClient,29.0,2018
1010,perfectClient,14.0,2017
1010,perfectClient,30.285714285714285,2018
1012,perfectClient,30.2,2017
1013,perfectClient,16.0,2018
1014,perfectClient,24.2,2018
1016,perfectClient,26.2,2018
1017,perfectClient,14.5,2018
1018,perfectClient,22.5,2017
1018,perfectClient,30.428571428571427,2018
1019,perfectClient,25.857142857142858,2018
1020,perfectClient,28.0,2017
1023,perfectClient,30.4,2017
1023,perfectClient,27.0,2018
1024,perfectClient,22.857142857142858,2017
1024,perfectClient,24.666666666666668,2018
1027,perfectClient,30.2,2017
1028,perfectClient,29.8,2017
1028,perfectClient,30.142857142857142,2018
1029,perfectClient,20.333333333333332,2017
1029,perfectClient,30.142857142857142,2018
1030,perfectClient,30.5,2017
1032,perfectClient,30.4,2017
1032,perfectClient,28.0,2018
1034,perfectClient,22.75,2018
1035,perfectClient,30.0,2018
1036,perfectClient,22.571428571428573,2017
1036,perfectClient,30.428571428571427,2018
1037,perfectClient,25.0,2018
1039,perfectClient,22.5,2018
1040,perfectClient,15.5,2017
1040,perfectClient,30.142857142857142,2018
1044,perfectClient,29.6,2017
1044,perfectClient,31.0,2018
1046,perfectClient,30.4,2017
1046,perfectClient,24.77777777777778,2018
1047,perfectClient,22.25,2017
1047,perfectClient,30.428571428571427,2018
1048,perfectClient,20.666666666666668,2018
1049,perfectClient,22.5,2018
1050,perfectClient,25.166666666666668,2018
1051,perfectClient,30.4,2017
1051,perfectClient,30.0,2018
1055,perfectClient,30.4,2017
1055,perfectClient,26.142857142857142,2018
1056,perfectClient,29.0,2017
1057,perfectClient,22.5,2017
1057,perfectClient,30.285714285714285,2018
1058,perfectClient,24.0,2017
1058,perfectClient,25.875,2018
1059,perfectClient,26.6,2018
1061,perfectClient,20.333333333333332,2018
1062,perfectClient,15.0,2017
1062,perfectClient,30.285714285714285,2018
1064,perfectClient,30.333333333333332,2018
1065,perfectClient,20.666666666666668,2018
1067,perfectClient,30.666666666666668,2017
1068,perfectClient,20.0,2017
1068,perfectClient,30.142857142857142,2018
1069,perfectClient,23.428571428571427,2017
1069,perfectClient,30.285714285714285,2018
1070,perfectClient,24.0,2017
1070,perfectClient,25.5,2018
1072,perfectClient,25.666666666666668,2017
1072,perfectClient,30.285714285714285,2018
1073,perfectClient,30.0,2017
1073,perfectClient,30.571428571428573,2018
1074,perfectClient,24.0,2018
1075,perfectClient,24.25,2017
1075,perfectClient,30.285714285714285,2018
1077,perfectClient,29.8,2017
1077,perfectClient,30.5,2018
1078,perfectClient,25.857142857142858,2018
1079,perfectClient,25.714285714285715,2018
1082,perfectClient,30.142857142857142,2018
1084,perfectClient,30.2,2017
1084,perfectClient,26.714285714285715,2018
1085,perfectClient,24.833333333333332,2017
1085,perfectClient,16.4,2018
1086,perfectClient,32.0,2017
1088,perfectClient,24.6,2017
1088,perfectClient,30.0,2018
1089,perfectClient,30.2,2017
1089,perfectClient,27.0,2018
1090,perfectClient,15.5,2018
1091,perfectClient,15.0,2018
1096,perfectClient,29.571428571428573,2018
1097,perfectClient,20.0,2018
1099,perfectClient,24.6,2018
1100,perfectClient,22.75,2018
1101,perfectClient,15.0,2017
1101,perfectClient,30.333333333333332,2018
1102,perfectClient,29.8,2017
1102,perfectClient,31.0,2018
1105,perfectClient,25.166666666666668,2017
1105,perfectClient,25.125,2018
1106,perfectClient,30.4,2017
1107,perfectClient,20.333333333333332,2018
1108,perfectClient,22.142857142857142,2017
1108,perfectClient,30.166666666666668,2018
1109,perfectClient,24.833333333333332,2018
1110,perfectClient,30.2,2017
1110,perfectClient,23.625,2018
1111,perfectClient,25.857142857142858,2018
1112,perfectClient,22.5,2018
1113,perfectClient,30.2,2017
1116,perfectClient,25.333333333333332,2017
1116,perfectClient,30.166666666666668,2018
1117,perfectClient,22.75,2018
1119,perfectClient,30.333333333333332,2017
1120,perfectClient,24.833333333333332,2017
1120,perfectClient,35.166666666666664,2018
1122,perfectClient,30.6,2017
1122,perfectClient,27.125,2018
1123,perfectClient,30.2,2017
1123,perfectClient,30.4,2018
1125,perfectClient,23.571428571428573,2017
1125,perfectClient,30.0,2018
1127,perfectClient,24.6,2018
1129,perfectClient,22.75,2018
1130,perfectClient,25.166666666666668,2017
1130,perfectClient,26.125,2018
1131,perfectClient,20.333333333333332,2017
1131,perfectClient,30.285714285714285,2018
1132,perfectClient,30.0,2017
1133,perfectClient,22.75,2018
1134,perfectClient,30.2,2017
1134,perfectClient,29.142857142857142,2018
1136,perfectClient,30.0,2017
1136,perfectClient,30.25,2018
1137,perfectClient,25.0,2018
1141,perfectClient,24.4,2018
1144,perfectClient,18.5,2018
1145,perfectClient,22.5,2018
1146,perfectClient,25.0,2018
1147,perfectClient,22.75,2018
1148,perfectClient,25.0,2018
1149,perfectClient,15.5,2018
1151,perfectClient,15.0,2018
1152,perfectClient,20.666666666666668,2018
1154,perfectClient,20.0,2018
1156,perfectClient,20.0,2018
1161,perfectClient,20.666666666666668,2018
1163,perfectClient,20.0,2018
1165,perfectClient,24.4,2018
1166,perfectClient,23.5,2018
1167,perfectClient,20.666666666666668,2018
1169,perfectClient,20.333333333333332,2018
1170,perfectClient,14.5,2018
1171,perfectClient,22.75,2018
1174,perfectClient,24.0,2018
1175,perfectClient,22.75,2018
1176,perfectClient,20.666666666666668,2018
1179,perfectClient,15.5,2018
1180,perfectClient,20.333333333333332,2018
1181,perfectClient,22.75,2018
1182,perfectClient,20.666666666666668,2018
1184,perfectClient,20.666666666666668,2018
1185,perfectClient,24.4,2018
1186,perfectClient,24.6,2018
1187,perfectClient,14.5,2018
1188,perfectClient,22.75,2018
1189,perfectClient,24.4,2018
1190,perfectClient,24.6,2018
1191,perfectClient,22.5,2018
1193,perfectClient,12.6,2018
1196,perfectClient,22.5,2018
1197,perfectClient,30.333333333333332,2018
1199,perfectClient,22.75,2018
1200,perfectClient,14.5,2018
1201,perfectClient,22.75,2018
1202,perfectClient,22.75,2018
1203,perfectClient,22.5,2018
1204,perfectClient,22.5,2018
1206,perfectClient,20.666666666666668,2018
1207,perfectClient,22.5,2018
1208,perfectClient,20.333333333333332,2018
1209,perfectClient,22.75,2018
1211,perfectClient,22.75,2018
1212,perfectClient,24.4,2018
1214,perfectClient,22.5,2018
1216,perfectClient,15.5,2018
1217,perfectClient,20.333333333333332,2018
1218,perfectClient,20.0,2018
1219,perfectClient,20.666666666666668,2018
1220,perfectClient,20.333333333333332,2018
1221,perfectClient,14.5,2018
1223,perfectClient,20.333333333333332,2018
1224,perfectClient,20.666666666666668,2018
1226,perfectClient,14.5,2018
1228,perfectClient,20.0,2018
1229,perfectClient,15.0,2018
1231,perfectClient,16.0,2018
1232,perfectClient,15.5,2018
1233,perfectClient,14.5,2018
1234,perfectClient,21.0,2018
1235,perfectClient,20.333333333333332,2018
1236,perfectClient,15.0,2018
1237,perfectClient,15.0,2018
1238,perfectClient,15.0,2018
1240,perfectClient,22.5,2018
1242,perfectClient,20.333333333333332,2018
1243,perfectClient,14.5,2018
1246,perfectClient,20.0,2018
1248,perfectClient,15.5,2018
1250,perfectClient,14.5,2018
1251,perfectClient,14.5,2018
1253,perfectClient,14.5,2018
1255,perfectClient,15.0,2018
1256,perfectClient,15.0,2018
1257,perfectClient,15.5,2018
1259,perfectClient,23.0,2018
1262,perfectClient,9.75,2018
7,detrimentalClient,20.333333333333332,2017
7,detrimentalClient,12.4,2018
11,detrimentalClient,22.77777777777778,2018
21,detrimentalClient,8.0,2017
24,detrimentalClient,21.285714285714285,2017
24,detrimentalClient,32.0,2018
25,detrimentalClient,7.375,2018
26,detrimentalClient,17.285714285714285,2018
30,detrimentalClient,8.882352941176471,2017
30,detrimentalClient,10.333333333333334,2018
36,detrimentalClient,4.0,2017
44,detrimentalClient,3.0,2018
46,detrimentalClient,16.0,2017
46,detrimentalClient,15.076923076923077,2018
51,detrimentalClient,21.571428571428573,2017
51,detrimentalClient,30.0,2018
52,detrimentalClient,22.0,2017
53,detrimentalClient,30.2,2017
53,detrimentalClient,20.3,2018
55,detrimentalClient,30.4,2017
55,detrimentalClient,14.285714285714286,2018
56,detrimentalClient,15.1,2017
56,detrimentalClient,20.8,2018
65,detrimentalClient,15.0,2017
65,detrimentalClient,19.181818181818183,2018
70,detrimentalClient,13.818181818181818,2017
72,detrimentalClient,29.0,2017
72,detrimentalClient,18.571428571428573,2018
76,detrimentalClient,30.2,2017
76,detrimentalClient,11.0,2018
78,detrimentalClient,7.388888888888889,2018
88,detrimentalClient,19.75,2017
88,detrimentalClient,6.0,2018
90,detrimentalClient,25.666666666666668,2017
93,detrimentalClient,14.0,2017
93,detrimentalClient,9.130434782608695,2018
94,detrimentalClient,22.5,2017
94,detrimentalClient,23.88888888888889,2018
99,detrimentalClient,23.714285714285715,2017
99,detrimentalClient,26.5,2018
100,detrimentalClient,25.5,2017
100,detrimentalClient,30.0,2018
101,detrimentalClient,21.142857142857142,2017
101,detrimentalClient,20.7,2018
103,detrimentalClient,15.0,2017
103,detrimentalClient,26.375,2018
105,detrimentalClient,7.764705882352941,2017
109,detrimentalClient,13.727272727272727,2017
109,detrimentalClient,31.0,2018
110,detrimentalClient,22.714285714285715,2017
110,detrimentalClient,16.076923076923077,2018
112,detrimentalClient,6.083333333333333,2017
115,detrimentalClient,30.2,2017
115,detrimentalClient,21.333333333333332,2018
117,detrimentalClient,10.777777777777779,2017
124,detrimentalClient,17.25,2017
126,detrimentalClient,6.5,2017
130,detrimentalClient,23.666666666666668,2017
130,detrimentalClient,13.933333333333334,2018
132,detrimentalClient,19.0,2017
132,detrimentalClient,20.444444444444443,2018
139,detrimentalClient,5.0,2017
139,detrimentalClient,23.555555555555557,2018
142,detrimentalClient,14.0,2017
142,detrimentalClient,23.555555555555557,2018
146,detrimentalClient,24.285714285714285,2017
146,detrimentalClient,22.375,2018
149,detrimentalClient,24.6,2017
149,detrimentalClient,24.11111111111111,2018
159,detrimentalClient,30.4,2017
159,detrimentalClient,12.533333333333333,2018
168,detrimentalClient,8.764705882352942,2017
168,detrimentalClient,17.5,2018
170,detrimentalClient,21.857142857142858,2017
170,detrimentalClient,30.0,2018
173,detrimentalClient,13.6,2018
177,detrimentalClient,27.166666666666668,2017
177,detrimentalClient,10.944444444444445,2018
190,detrimentalClient,10.8125,2017
190,detrimentalClient,14.5,2018
191,detrimentalClient,13.333333333333334,2017
192,detrimentalClient,1.0,2018
199,detrimentalClient,7.611111111111111,2017
199,detrimentalClient,14.615384615384615,2018
205,detrimentalClient,22.0,2017
205,detrimentalClient,11.461538461538462,2018
208,detrimentalClient,10.166666666666666,2017
208,detrimentalClient,8.615384615384615,2018
209,detrimentalClient,14.7,2017
209,detrimentalClient,16.071428571428573,2018
211,detrimentalClient,12.88888888888889,2017
220,detrimentalClient,6.0,2017
224,detrimentalClient,19.125,2017
224,detrimentalClient,24.77777777777778,2018
226,detrimentalClient,25.333333333333332,2017
226,detrimentalClient,21.2,2018
229,detrimentalClient,15.272727272727273,2017
229,detrimentalClient,12.0,2018
231,detrimentalClient,9.933333333333334,2017
231,detrimentalClient,10.210526315789474,2018
233,detrimentalClient,8.470588235294118,2017
237,detrimentalClient,24.2,2017
237,detrimentalClient,15.142857142857142,2018
239,detrimentalClient,30.4,2017
239,detrimentalClient,22.444444444444443,2018
241,detrimentalClient,30.4,2017
241,detrimentalClient,20.3,2018
244,detrimentalClient,16.555555555555557,2017
244,detrimentalClient,14.333333333333334,2018
245,detrimentalClient,12.7,2017
248,detrimentalClient,10.6,2017
248,detrimentalClient,14.8,2018
254,detrimentalClient,24.0,2017
254,detrimentalClient,16.46153846153846,2018
257,detrimentalClient,5.583333333333333,2017
258,detrimentalClient,8.166666666666666,2017
258,detrimentalClient,4.0,2018
263,detrimentalClient,25.5,2017
263,detrimentalClient,29.75,2018
271,detrimentalClient,2.75,2017
278,detrimentalClient,6.428571428571429,2017
279,detrimentalClient,30.0,2017
279,detrimentalClient,12.533333333333333,2018
280,detrimentalClient,25.166666666666668,2017
280,detrimentalClient,16.181818181818183,2018
281,detrimentalClient,7.529411764705882,2017
283,detrimentalClient,19.666666666666668,2017
283,detrimentalClient,6.9655172413793105,2018
285,detrimentalClient,22.285714285714285,2017
285,detrimentalClient,23.444444444444443,2018
289,detrimentalClient,10.666666666666666,2017
289,detrimentalClient,7.76,2018
291,detrimentalClient,17.2,2017
291,detrimentalClient,6.4,2018
293,detrimentalClient,14.833333333333334,2017
293,detrimentalClient,30.285714285714285,2018
297,detrimentalClient,29.8,2017
297,detrimentalClient,17.416666666666668,2018
301,detrimentalClient,30.4,2017
301,detrimentalClient,24.666666666666668,2018
305,detrimentalClient,19.88888888888889,2018
308,detrimentalClient,30.4,2017
308,detrimentalClient,19.0,2018
311,detrimentalClient,17.0,2017
311,detrimentalClient,24.0,2018
313,detrimentalClient,22.25,2017
313,detrimentalClient,17.833333333333332,2018
316,detrimentalClient,18.5,2017
316,detrimentalClient,15.714285714285714,2018
324,detrimentalClient,30.0,2017
324,detrimentalClient,18.5,2018
327,detrimentalClient,29.8,2017
327,detrimentalClient,14.272727272727273,2018
328,detrimentalClient,20.333333333333332,2017
328,detrimentalClient,13.25,2018
330,detrimentalClient,13.666666666666666,2017
331,detrimentalClient,7.954545454545454,2018
332,detrimentalClient,23.142857142857142,2017
332,detrimentalClient,20.0,2018
335,detrimentalClient,6.0,2018
336,detrimentalClient,19.2,2017
336,detrimentalClient,12.384615384615385,2018
337,detrimentalClient,30.0,2017
337,detrimentalClient,23.88888888888889,2018
338,detrimentalClient,14.75,2017
338,detrimentalClient,20.77777777777778,2018
341,detrimentalClient,15.25,2018
343,detrimentalClient,6.333333333333333,2017
344,detrimentalClient,15.5,2017
344,detrimentalClient,18.176470588235293,2018
354,detrimentalClient,9.5,2018
355,detrimentalClient,23.428571428571427,2017
355,detrimentalClient,23.88888888888889,2018
359,detrimentalClient,28.666666666666668,2017
359,detrimentalClient,22.5,2018
360,detrimentalClient,17.0,2018
363,detrimentalClient,5.846153846153846,2017
364,detrimentalClient,10.307692307692308,2017
365,detrimentalClient,25.333333333333332,2017
365,detrimentalClient,20.09090909090909,2018
366,detrimentalClient,5.7894736842105265,2018
367,detrimentalClient,22.5,2017
367,detrimentalClient,8.36,2018
368,detrimentalClient,17.0,2017
368,detrimentalClient,30.428571428571427,2018
369,detrimentalClient,15.0,2017
369,detrimentalClient,13.0,2018
370,detrimentalClient,14.6,2018
371,detrimentalClient,6.25,2017
371,detrimentalClient,19.333333333333332,2018
373,detrimentalClient,25.0,2017
373,detrimentalClient,33.4,2018
376,detrimentalClient,15.363636363636363,2018
381,detrimentalClient,25.333333333333332,2017
381,detrimentalClient,26.3,2018
388,detrimentalClient,30.4,2017
388,detrimentalClient,13.25,2018
390,detrimentalClient,29.2,2017
390,detrimentalClient,16.0,2018
392,detrimentalClient,12.2,2018
394,detrimentalClient,10.0,2017
397,detrimentalClient,15.444444444444445,2017
398,detrimentalClient,19.125,2017
398,detrimentalClient,22.625,2018
399,detrimentalClient,30.4,2017
399,detrimentalClient,17.636363636363637,2018
407,detrimentalClient,6.631578947368421,2017
407,detrimentalClient,24.5,2018
409,detrimentalClient,18.625,2017
409,detrimentalClient,30.333333333333332,2018
412,detrimentalClient,16.555555555555557,2017
412,detrimentalClient,13.333333333333334,2018
413,detrimentalClient,14.5,2017
413,detrimentalClient,4.931818181818182,2018
415,detrimentalClient,10.071428571428571,2017
417,detrimentalClient,30.2,2017
417,detrimentalClient,20.6,2018
423,detrimentalClient,9.714285714285714,2017
423,detrimentalClient,18.7,2018
424,detrimentalClient,2.0,2018
426,detrimentalClient,18.4,2018
430,detrimentalClient,25.333333333333332,2017
430,detrimentalClient,24.833333333333332,2018
434,detrimentalClient,24.666666666666668,2017
434,detrimentalClient,21.333333333333332,2018
438,detrimentalClient,9.8,2018
439,detrimentalClient,8.2,2017
445,detrimentalClient,21.666666666666668,2017
445,detrimentalClient,24.666666666666668,2018
448,detrimentalClient,20.11111111111111,2018
456,detrimentalClient,3.0,2018
458,detrimentalClient,15.5,2017
458,detrimentalClient,29.8,2018
463,detrimentalClient,20.666666666666668,2017
463,detrimentalClient,6.451612903225806,2018
464,detrimentalClient,16.88888888888889,2017
464,detrimentalClient,29.5,2018
465,detrimentalClient,3.3333333333333335,2017
468,detrimentalClient,22.5,2018
469,detrimentalClient,22.5,2017
469,detrimentalClient,23.555555555555557,2018
470,detrimentalClient,23.8,2017
470,detrimentalClient,13.8,2018
482,detrimentalClient,6.571428571428571,2018
488,detrimentalClient,26.25,2018
489,detrimentalClient,21.166666666666668,2017
489,detrimentalClient,27.0,2018
490,detrimentalClient,30.0,2017
490,detrimentalClient,30.5,2018
505,detrimentalClient,4.0,2017
505,detrimentalClient,26.125,2018
506,detrimentalClient,19.6,2018
514,detrimentalClient,16.555555555555557,2017
514,detrimentalClient,18.0,2018
519,detrimentalClient,20.333333333333332,2017
519,detrimentalClient,23.444444444444443,2018
522,detrimentalClient,24.0,2017
522,detrimentalClient,9.2,2018
523,detrimentalClient,20.333333333333332,2017
523,detrimentalClient,11.421052631578947,2018
525,detrimentalClient,22.714285714285715,2017
525,detrimentalClient,19.09090909090909,2018
531,detrimentalClient,5.611111111111111,2017
534,detrimentalClient,6.4,2018
536,detrimentalClient,28.166666666666668,2017
536,detrimentalClient,22.0,2018
537,detrimentalClient,25.333333333333332,2017
537,detrimentalClient,17.8,2018
538,detrimentalClient,7.0,2017
538,detrimentalClient,22.90909090909091,2018
539,detrimentalClient,8.083333333333334,2017
541,detrimentalClient,2.0,2017
545,detrimentalClient,14.909090909090908,2017
545,detrimentalClient,17.416666666666668,2018
553,detrimentalClient,4.0,2017
555,detrimentalClient,16.333333333333332,2017
555,detrimentalClient,18.454545454545453,2018
557,detrimentalClient,20.714285714285715,2017
557,detrimentalClient,21.0,2018
566,detrimentalClient,30.4,2017
566,detrimentalClient,18.25,2018
569,detrimentalClient,15.0,2017
569,detrimentalClient,6.515151515151516,2018
571,detrimentalClient,11.428571428571429,2017
571,detrimentalClient,9.833333333333334,2018
577,detrimentalClient,10.6,2017
581,detrimentalClient,30.4,2017
581,detrimentalClient,21.0,2018
582,detrimentalClient,30.4,2017
582,detrimentalClient,23.22222222222222,2018
587,detrimentalClient,13.545454545454545,2017
587,detrimentalClient,18.571428571428573,2018
589,detrimentalClient,13.0,2017
589,detrimentalClient,29.333333333333332,2018
591,detrimentalClient,11.76923076923077,2017
591,detrimentalClient,10.947368421052632,2018
593,detrimentalClient,18.5,2017
593,detrimentalClient,31.0,2018
595,detrimentalClient,20.88888888888889,2018
606,detrimentalClient,8.882352941176471,2017
606,detrimentalClient,13.23076923076923,2018
614,detrimentalClient,14.833333333333334,2018
617,detrimentalClient,17.444444444444443,2017
617,detrimentalClient,15.923076923076923,2018
621,detrimentalClient,16.666666666666668,2017
621,detrimentalClient,19.0,2018
627,detrimentalClient,9.75,2018
629,detrimentalClient,18.142857142857142,2018
634,detrimentalClient,10.9375,2017
634,detrimentalClient,30.5,2018
638,detrimentalClient,21.571428571428573,2017
638,detrimentalClient,30.25,2018
644,detrimentalClient,14.0,2017
647,detrimentalClient,9.5,2018
654,detrimentalClient,24.0,2017
654,detrimentalClient,17.3,2018
658,detrimentalClient,29.8,2017
658,detrimentalClient,21.555555555555557,2018
659,detrimentalClient,29.5,2017
662,detrimentalClient,10.25,2017
664,detrimentalClient,16.375,2017
667,detrimentalClient,19.714285714285715,2017
667,detrimentalClient,29.857142857142858,2018
673,detrimentalClient,18.666666666666668,2017
678,detrimentalClient,16.75,2017
678,detrimentalClient,17.083333333333332,2018
681,detrimentalClient,6.333333333333333,2017
682,detrimentalClient,21.714285714285715,2017
682,detrimentalClient,34.833333333333336,2018
685,detrimentalClient,7.083333333333333,2017
685,detrimentalClient,8.357142857142858,2018
686,detrimentalClient,8.0,2017
687,detrimentalClient,27.5,2017
688,detrimentalClient,15.0,2017
688,detrimentalClient,19.09090909090909,2018
690,detrimentalClient,29.8,2017
690,detrimentalClient,17.25,2018
695,detrimentalClient,19.75,2017
695,detrimentalClient,10.6875,2018
699,detrimentalClient,19.88888888888889,2018
701,detrimentalClient,30.4,2017
701,detrimentalClient,14.875,2018
703,detrimentalClient,10.166666666666666,2017
703,detrimentalClient,5.363636363636363,2018
705,detrimentalClient,22.5,2017
705,detrimentalClient,8.625,2018
707,detrimentalClient,22.75,2017
707,detrimentalClient,21.11111111111111,2018
708,detrimentalClient,19.0,2017
708,detrimentalClient,19.09090909090909,2018
709,detrimentalClient,9.571428571428571,2018
711,detrimentalClient,30.4,2017
711,detrimentalClient,15.166666666666666,2018
713,detrimentalClient,16.125,2017
713,detrimentalClient,18.583333333333332,2018
714,detrimentalClient,29.2,2017
714,detrimentalClient,10.125,2018
716,detrimentalClient,20.166666666666668,2018
718,detrimentalClient,6.764705882352941,2017
718,detrimentalClient,9.9,2018
719,detrimentalClient,16.8,2017
719,detrimentalClient,26.125,2018
721,detrimentalClient,10.928571428571429,2017
721,detrimentalClient,10.6,2018
723,detrimentalClient,23.714285714285715,2017
723,detrimentalClient,21.1,2018
726,detrimentalClient,16.88888888888889,2017
726,detrimentalClient,7.3076923076923075,2018
728,detrimentalClient,10.333333333333334,2017
732,detrimentalClient,5.333333333333333,2018
744,detrimentalClient,22.25,2017
744,detrimentalClient,23.555555555555557,2018
745,detrimentalClient,30.4,2017
745,detrimentalClient,19.4,2018
748,detrimentalClient,10.9,2017
750,detrimentalClient,30.4,2017
750,detrimentalClient,21.333333333333332,2018
753,detrimentalClient,9.6,2017
753,detrimentalClient,17.583333333333332,2018
756,detrimentalClient,7.25,2017
766,detrimentalClient,26.5,2017
766,detrimentalClient,26.75,2018
767,detrimentalClient,16.7,2017
767,detrimentalClient,26.2,2018
770,detrimentalClient,24.285714285714285,2017
770,detrimentalClient,11.583333333333334,2018
775,detrimentalClient,20.333333333333332,2017
775,detrimentalClient,10.333333333333334,2018
777,detrimentalClient,13.833333333333334,2017
777,detrimentalClient,5.9375,2018
781,detrimentalClient,9.5,2017
782,detrimentalClient,18.375,2017
782,detrimentalClient,30.285714285714285,2018
785,detrimentalClient,4.384615384615385,2017
786,detrimentalClient,22.857142857142858,2017
786,detrimentalClient,10.736842105263158,2018
789,detrimentalClient,25.166666666666668,2017
789,detrimentalClient,26.875,2018
790,detrimentalClient,30.4,2017
790,detrimentalClient,18.11111111111111,2018
791,detrimentalClient,7.166666666666667,2017
795,detrimentalClient,10.3125,2017
795,detrimentalClient,13.933333333333334,2018
797,detrimentalClient,9.8125,2017
797,detrimentalClient,14.857142857142858,2018
799,detrimentalClient,19.75,2017
799,detrimentalClient,19.09090909090909,2018
801,detrimentalClient,14.6,2017
804,detrimentalClient,30.4,2017
804,detrimentalClient,17.75,2018
807,detrimentalClient,25.333333333333332,2017
807,detrimentalClient,27.0,2018
808,detrimentalClient,10.785714285714286,2017
808,detrimentalClient,13.777777777777779,2018
813,detrimentalClient,2.0,2017
815,detrimentalClient,9.0,2018
822,detrimentalClient,15.5,2017
827,detrimentalClient,29.6,2017
827,detrimentalClient,21.666666666666668,2018
833,detrimentalClient,16.75,2017
833,detrimentalClient,19.666666666666668,2018
834,detrimentalClient,15.0,2017
834,detrimentalClient,23.333333333333332,2018
836,detrimentalClient,10.466666666666667,2017
837,detrimentalClient,13.727272727272727,2017
838,detrimentalClient,16.555555555555557,2018
843,detrimentalClient,24.6,2017
843,detrimentalClient,20.272727272727273,2018
848,detrimentalClient,12.0,2018
853,detrimentalClient,25.142857142857142,2017
853,detrimentalClient,23.625,2018
856,detrimentalClient,21.714285714285715,2017
856,detrimentalClient,30.25,2018
858,detrimentalClient,14.5,2017
858,detrimentalClient,17.5,2018
859,detrimentalClient,10.133333333333333,2017
859,detrimentalClient,8.041666666666666,2018
870,detrimentalClient,7.5,2017
871,detrimentalClient,20.571428571428573,2017
871,detrimentalClient,13.0,2018
874,detrimentalClient,11.333333333333334,2017
876,detrimentalClient,22.142857142857142,2017
885,detrimentalClient,11.384615384615385,2017
885,detrimentalClient,16.166666666666668,2018
888,detrimentalClient,14.363636363636363,2017
890,detrimentalClient,25.666666666666668,2017
890,detrimentalClient,14.6,2018
891,detrimentalClient,21.571428571428573,2017
891,detrimentalClient,19.363636363636363,2018
892,detrimentalClient,13.6,2018
897,detrimentalClient,5.166666666666667,2017
902,detrimentalClient,7.0,2017
903,detrimentalClient,12.7,2017
903,detrimentalClient,14.5,2018
906,detrimentalClient,17.5,2017
914,detrimentalClient,7.375,2017
914,detrimentalClient,24.142857142857142,2018
916,detrimentalClient,8.266666666666667,2017
916,detrimentalClient,8.782608695652174,2018
917,detrimentalClient,2.0,2017
917,detrimentalClient,26.125,2018
919,detrimentalClient,12.307692307692308,2017
919,detrimentalClient,30.333333333333332,2018
921,detrimentalClient,8.941176470588236,2017
926,detrimentalClient,13.0,2017
927,detrimentalClient,17.5,2017
927,detrimentalClient,30.571428571428573,2018
930,detrimentalClient,9.666666666666666,2017
933,detrimentalClient,16.0,2017
933,detrimentalClient,16.666666666666668,2018
937,detrimentalClient,25.333333333333332,2017
937,detrimentalClient,9.333333333333334,2018
945,detrimentalClient,8.714285714285714,2017
947,detrimentalClient,12.727272727272727,2017
947,detrimentalClient,18.0,2018
949,detrimentalClient,2.0,2017
949,detrimentalClient,26.0,2018
953,detrimentalClient,3.0,2017
953,detrimentalClient,10.095238095238095,2018
958,detrimentalClient,18.444444444444443,2017
958,detrimentalClient,14.714285714285714,2018
962,detrimentalClient,3.0,2017
962,detrimentalClient,11.25,2018
964,detrimentalClient,22.285714285714285,2017
964,detrimentalClient,23.22222222222222,2018
968,detrimentalClient,16.166666666666668,2018
969,detrimentalClient,12.125,2017
969,detrimentalClient,9.428571428571429,2018
979,detrimentalClient,25.333333333333332,2017
979,detrimentalClient,22.5,2018
981,detrimentalClient,6.5,2017
982,detrimentalClient,11.727272727272727,2018
983,detrimentalClient,25.166666666666668,2017
983,detrimentalClient,20.0,2018
995,detrimentalClient,9.294117647058824,2017
995,detrimentalClient,10.38888888888889,2018
1006,detrimentalClient,20.0,2018
1007,detrimentalClient,18.8,2017
1007,detrimentalClient,5.705882352941177,2018
1015,detrimentalClient,29.8,2017
1015,detrimentalClient,19.285714285714285,2018
1021,detrimentalClient,16.88888888888889,2017
1025,detrimentalClient,23.285714285714285,2017
1025,detrimentalClient,18.333333333333332,2018
1026,detrimentalClient,5.571428571428571,2017
1033,detrimentalClient,19.666666666666668,2017
1033,detrimentalClient,12.9375,2018
1038,detrimentalClient,22.25,2017
1038,detrimentalClient,19.09090909090909,2018
1041,detrimentalClient,5.833333333333333,2018
1042,detrimentalClient,16.88888888888889,2017
1042,detrimentalClient,23.444444444444443,2018
1043,detrimentalClient,3.0,2017
1043,detrimentalClient,19.0,2018
1052,detrimentalClient,15.0,2017
1052,detrimentalClient,22.5,2018
1053,detrimentalClient,8.631578947368421,2017
1053,detrimentalClient,18.0,2018
1060,detrimentalClient,8.428571428571429,2017
1060,detrimentalClient,30.333333333333332,2018
1063,detrimentalClient,14.5,2017
1063,detrimentalClient,22.625,2018
1071,detrimentalClient,24.285714285714285,2017
1071,detrimentalClient,16.23076923076923,2018
1076,detrimentalClient,11.571428571428571,2017
1076,detrimentalClient,21.0,2018
1080,detrimentalClient,6.521739130434782,2017
1080,detrimentalClient,6.758620689655173,2018
1081,detrimentalClient,30.0,2017
1081,detrimentalClient,21.0,2018
1083,detrimentalClient,20.0,2018
1087,detrimentalClient,20.571428571428573,2017
1087,detrimentalClient,30.0,2018
1092,detrimentalClient,12.2,2018
1093,detrimentalClient,7.230769230769231,2018
1094,detrimentalClient,19.0,2017
1094,detrimentalClient,6.724137931034483,2018
1095,detrimentalClient,2.0,2017
1098,detrimentalClient,21.285714285714285,2017
1098,detrimentalClient,22.3,2018
1103,detrimentalClient,21.857142857142858,2017
1103,detrimentalClient,17.916666666666668,2018
1104,detrimentalClient,15.0,2017
1104,detrimentalClient,17.9,2018
1114,detrimentalClient,22.5,2017
1114,detrimentalClient,23.444444444444443,2018
1115,detrimentalClient,27.2,2017
1115,detrimentalClient,24.11111111111111,2018
1121,detrimentalClient,18.375,2017
1121,detrimentalClient,30.428571428571427,2018
1124,detrimentalClient,5.586206896551724,2017
1124,detrimentalClient,33.0,2018
1126,detrimentalClient,7.391304347826087,2017
1126,detrimentalClient,7.111111111111111,2018
1128,detrimentalClient,6.157894736842105,2017
1128,detrimentalClient,6.555555555555555,2018
1135,detrimentalClient,15.0,2017
1135,detrimentalClient,11.588235294117647,2018
1138,detrimentalClient,14.833333333333334,2018
1139,detrimentalClient,16.22222222222222,2018
1140,detrimentalClient,22.333333333333332,2018
1142,detrimentalClient,19.833333333333332,2018
1143,detrimentalClient,12.0,2018
1153,detrimentalClient,9.0,2018
1157,detrimentalClient,7.4,2018
1162,detrimentalClient,9.714285714285714,2018
1172,detrimentalClient,9.571428571428571,2018
1173,detrimentalClient,17.285714285714285,2018
1178,detrimentalClient,22.5,2018
1192,detrimentalClient,9.666666666666666,2018
1195,detrimentalClient,9.571428571428571,2018
1198,detrimentalClient,5.944444444444445,2018
1205,detrimentalClient,9.0,2018
1210,detrimentalClient,12.125,2018
1213,detrimentalClient,15.0,2018
1222,detrimentalClient,10.0,2018
1225,detrimentalClient,9.5,2018
1241,detrimentalClient,13.0,2018
1245,detrimentalClient,15.5,2018
1247,detrimentalClient,7.0,2018
1252,detrimentalClient,9.5,2018
1254,detrimentalClient,7.8,2018
